{
  "logistic_regression": {
    "roc_auc": 0.9195361071257772,
    "report": {
      "0": {
        "precision": 0.8125,
        "recall": 0.7926829268292683,
        "f1-score": 0.8024691358024691,
        "support": 82
      },
      "1": {
        "precision": 0.8365384615384616,
        "recall": 0.8529411764705882,
        "f1-score": 0.8446601941747574,
        "support": 102
      },
      "accuracy": 0.8260869565217391,
      "macro avg": {
        "precision": 0.8245192307692308,
        "recall": 0.8228120516499282,
        "f1-score": 0.8235646649886132,
        "support": 184
      },
      "weighted avg": {
        "precision": 0.8258256688963211,
        "recall": 0.8260869565217391,
        "f1-score": 0.825857657291455,
        "support": 184
      }
    }
  },
  "svm_rbf": {
    "roc_auc": 0.930117168818747,
    "report": {
      "0": {
        "precision": 0.8767123287671232,
        "recall": 0.7804878048780488,
        "f1-score": 0.8258064516129032,
        "support": 82
      },
      "1": {
        "precision": 0.8378378378378378,
        "recall": 0.9117647058823529,
        "f1-score": 0.8732394366197184,
        "support": 102
      },
      "accuracy": 0.8532608695652174,
      "macro avg": {
        "precision": 0.8572750833024805,
        "recall": 0.8461262553802009,
        "f1-score": 0.8495229441163108,
        "support": 184
      },
      "weighted avg": {
        "precision": 0.8551623392302368,
        "recall": 0.8532608695652174,
        "f1-score": 0.8521008237362465,
        "support": 184
      }
    }
  }
}