Model,Accuracy (Before),AUC (Before),Accuracy (After),AUC (After)
XGBoost,0.7880434782608695,0.8517455762792923,0.7934782608695652,0.8517455762792923
