Model,Accuracy,AUC
Transformer,0.8586956521739131,0.9385461501673841
SVM (RBF),0.8478260869565217,0.9283835485413677
Neural Net,0.8315217391304348,0.9280248684839789
Logistic Regression,0.8369565217391305,0.9186991869918699
XGBoost,0.8532608695652174,0.9020803443328551
